,ticket
0,VIB
1,VCB
2,HPG
3,HDB
4,VIC
5,VJC
6,VHM
7,BVH
8,MSN
9,PDR
10,BCM
11,SAB
12,TPB
13,SSI
14,GVR
15,VRE
16,GAS
17,TCB
18,PLX
19,FPT
20,MBB
21,POW
22,ACB
23,BID
24,STB
25,VNM
26,MWG
27,NVL
28,VPB
29,CTG
30,VIB
31,VCB
32,HPG
33,HDB
34,VIC
35,VJC
36,VHM
37,BVH
38,MSN
39,PDR
40,BCM
41,SAB
42,TPB
43,SSI
44,GVR
45,VRE
46,GAS
47,TCB
48,PLX
49,FPT
50,MBB
51,POW
52,ACB
53,BID
54,STB
55,VNM
56,MWG
57,NVL
58,VPB
59,CTG
60,VIB
61,VCB
62,HPG
63,HDB
64,VIC
65,VJC
66,VHM
67,BVH
68,MSN
69,PDR
70,BCM
71,SAB
72,TPB
73,SSI
74,GVR
75,VRE
76,GAS
77,TCB
78,PLX
79,FPT
80,MBB
81,POW
82,ACB
83,BID
84,STB
85,VNM
86,MWG
87,NVL
88,VPB
89,CTG
90,VIB
91,VCB
92,HPG
93,HDB
94,VIC
95,VJC
96,VHM
97,BVH
98,MSN
99,PDR
100,BCM
101,SAB
102,TPB
103,SSI
104,GVR
105,VRE
106,GAS
107,TCB
108,PLX
109,FPT
110,MBB
111,POW
112,ACB
113,BID
114,STB
115,VNM
116,MWG
117,NVL
118,VPB
119,CTG
120,VIB
121,VCB
122,HPG
123,HDB
124,VIC
125,VJC
126,VHM
127,BVH
128,MSN
129,PDR
130,BCM
131,SAB
132,TPB
133,SSI
134,GVR
135,VRE
136,GAS
137,TCB
138,PLX
139,FPT
140,MBB
141,POW
142,ACB
143,BID
144,STB
145,VNM
146,MWG
147,NVL
148,VPB
149,CTG
150,VIB
151,VCB
152,HPG
153,HDB
154,VIC
155,VJC
156,VHM
157,BVH
158,MSN
159,PDR
160,BCM
161,SAB
162,TPB
163,SSI
164,GVR
165,VRE
166,GAS
167,TCB
168,PLX
169,FPT
170,MBB
171,POW
172,ACB
173,BID
174,STB
175,VNM
176,MWG
177,NVL
178,VPB
179,CTG
180,VIB
181,VCB
182,HPG
183,HDB
184,VIC
185,VJC
186,VHM
187,BVH
188,MSN
189,PDR
190,BCM
191,SAB
192,TPB
193,SSI
194,GVR
195,VRE
196,GAS
197,TCB
198,PLX
199,FPT
